fid,Plot_ID,Habitat_Ty,Notes,Other_Note,Timestamp,Site_ID,Distance_Level,Transect_ID,Type,Landcover,Elevation,Lab_ID,Distance_Enclosure,N,C,K,P,Mg,Ca,Na,Units,ECEC,Base_saturation,Exchange_Acidity,Al,Mountain_Or_Enclosure,HAND
56,A1_1,Open,Looks like lawn,"",2023/05/21 13:43:04.063,A,0,1,Vegetation,Mixed_Forest,760.45263671875,1,-100,3.42,46.47,23.05609983,2.693972053,1.342224472,1.869019771,0.002324214,"K, P, Mg, Ca and Na are mg/g dry weight; N and C is %",,,,,Enclosure,0
55,A1_2,Coniferous,"","",2023/05/21 13:26:38.716,A,1,1,Vegetation,Mixed_Forest,793.914245605469,2,100,3.59,42.13,27.58756336,3.130853183,0.937672445,1.456928167,-0.022374341,"K, P, Mg, Ca and Na are mg/g dry weight; N and C is %",,,,,Enclosure,51
54,A1_3,Deciduous_Forest,Very close to road; soil 20m deeper in forest,"",2023/05/21 13:11:08.972,A,2,1,Vegetation,Mixed_Forest,816.084350585938,3,800,3.83,44.93,28.93224536,2.949509315,1.292076979,1.664622252,-0.036333101,"K, P, Mg, Ca and Na are mg/g dry weight; N and C is %",,,,,Enclosure,20
53,A1_4,Mixed_Forest,Very close to road,"",2023/05/21 11:58:07.819,A,3,1,Vegetation,Mixed_Forest,951.145751953125,4,2100,3.66,42.61,41.84567765,6.493080771,1.802248078,3.250215778,0.044250372,"K, P, Mg, Ca and Na are mg/g dry weight; N and C is %",,,,,Enclosure,43
57,A2_1,Open,"
Close to building","",2023/05/21 14:04:22.319,A,0,2,Vegetation,ConiFerous_Forest,727.751037597656,5,-100,3.84,42.53,35.25896921,4.018099973,1.392440171,3.858053905,-0.003244176,"K, P, Mg, Ca and Na are mg/g dry weight; N and C is %",,,,,Enclosure,24
58,A2_2,Open_Mixed_Forest,Recent clearcut; be careful with soil compaction,"",2023/05/21 14:22:20.497,A,1,2,Vegetation,ConiFerous_Forest,699.336303710938,6,100,3.28,43.49,30.89404877,2.396377156,1.496816608,1.493883376,-0.010588205,"K, P, Mg, Ca and Na are mg/g dry weight; N and C is %",,,,,Enclosure,3
1312,A2_3,"","","",2023/05/21 15:31:41.101,A,2,2,Vegetation,Mixed_Forest,791.038208007813,7,800,2.93,42.5,22.66050446,2.926297462,0.996115649,1.836543936,0.013073483,"K, P, Mg, Ca and Na are mg/g dry weight; N and C is %",,,,,Enclosure,90
52,A2_4,Deciduous_Forest,"","",2023/05/21 10:48:54.865,A,3,2,Vegetation,Mixed_Forest,894.30224609375,8,2100,4.02,43.5,28.20146301,3.553580055,1.167485067,1.745318415,-0.002195533,"K, P, Mg, Ca and Na are mg/g dry weight; N and C is %",,,,,Enclosure,103
60,A3_1,Coniferous,"","",2023/05/21 14:47:08.250,A,0,3,Vegetation,ConiFerous_Forest,729.824890136719,9,-100,3.84,42.4,28.9374681,2.470630167,1.036857533,1.64285213,0.138421093,"K, P, Mg, Ca and Na are mg/g dry weight; N and C is %",,,,,Enclosure,43
59,A3_2,Open_Deciduous,"Enlosure borders different than expected - still close tho
","",2023/05/21 14:37:39.812,A,1,3,Vegetation,Mixed_Forest,714.720520019531,10,100,2.87,44.11,21.16815197,2.50888719,0.822003272,1.428815949,-0.028229146,"K, P, Mg, Ca and Na are mg/g dry weight; N and C is %",,,,,Enclosure,58
65,A3_3,Mixed_Forest,Close to annoyingly well used sreet,"",2023/05/21 17:14:23.606,A,2,3,Vegetation,ConiFerous_Forest,673.487548828125,11,800,3.18,44.18,20.28727632,2.227204979,0.671555647,0.948723032,-0.045197905,"K, P, Mg, Ca and Na are mg/g dry weight; N and C is %",,,,,Enclosure,19
66,A3_4,Shrubland,"","",2023/05/21 17:37:46.618,A,3,3,Vegetation,Mixed_Forest,874.474914550781,12,2100,3.24,43.85,19.117807,3.148577167,0.834775353,1.572110936,-0.024031067,"K, P, Mg, Ca and Na are mg/g dry weight; N and C is %",,,,,Enclosure,230
61,A4_1,Mixed_Forest,"","",2023/05/21 15:04:12.453,A,0,4,Vegetation,Mixed_Forest,743.527954101563,13,-100,4.55,42.87,32.69517,2.528593512,1.80719211,1.112864972,0.021882443,"K, P, Mg, Ca and Na are mg/g dry weight; N and C is %",,,,,Enclosure,74
62,A4_2,Deciduous_Forest,Close to recent heavy machine traffic,"",2023/05/21 15:31:41.101,A,1,4,Vegetation,Mixed_Forest,753.970825195313,14,100,3.3,42.72,28.56898821,3.279034975,1.049275405,2.007528608,-0.002790089,"K, P, Mg, Ca and Na are mg/g dry weight; N and C is %",,,,,Enclosure,103
63,A4_3,Mixed_Forest,"
Very small individuals","",2023/05/21 16:27:53.599,A,2,4,Vegetation,Mixed_Forest,777.490600585938,15,800,3.81,42.84,29.01995228,2.248316277,1.070278505,1.45138015,0.010505953,"K, P, Mg, Ca and Na are mg/g dry weight; N and C is %",,,,,Enclosure,111
64,A4_4,Open,Clearcut,"",2023/05/21 16:55:39.847,A,3,4,Vegetation,ConiFerous_Forest,662.699584960938,16,2100,3.43,43.66,22.95519509,2.551255613,1.02128017,1.878280871,-0.033398862,"K, P, Mg, Ca and Na are mg/g dry weight; N and C is %",,,,,Enclosure,33
48,B1_1,Open_Mixed_Forest,Close to feeding station; had to be moved because of preenclosure,"",2023/05/20 16:01:49.050,B,0,1,Vegetation,Mixed_Forest,840.431823730469,17,-100,4.38,41.45,37.65286457,5.287515696,1.930135067,2.18035928,0.078649403,"K, P, Mg, Ca and Na are mg/g dry weight; N and C is %",,,,,Enclosure,135
42,B1_2,Coniferous,"","",2023/05/20 14:15:49.061,B,1,1,Vegetation,Mixed_Forest,824.921081542969,18,100,4.34,42.34,33.67568383,4.812986493,1.458770057,1.701182663,-0.058295852,"K, P, Mg, Ca and Na are mg/g dry weight; N and C is %",,,,,Enclosure,41
40,B1_3,Mixed_Forest,"","",2023/05/20 13:19:20.590,B,2,1,Vegetation,Mixed_Forest,864.560363769531,19,800,4.04,42.33,32.50512617,3.027385474,1.482477475,2.000477254,0.157973395,"K, P, Mg, Ca and Na are mg/g dry weight; N and C is %",,,,,Enclosure,38
41,B1_4,Mixed_Forest,Close to gravel road,"",2023/05/20 13:39:10.881,B,3,1,Vegetation,Mixed_Forest,1027.6142578125,20,2100,3.48,42.74,24.7814441,3.363744054,1.064759512,1.194015432,0.006280949,"K, P, Mg, Ca and Na are mg/g dry weight; N and C is %",,,,,Enclosure,103
44,B2_1,Deciduous_Forest,"","",2023/05/20 14:59:32.604,B,0,2,Vegetation,Mixed_Forest,892.501770019531,21,-100,4.98,42.34,36.41447951,4.067769368,1.700512943,1.982626302,0.091215849,"K, P, Mg, Ca and Na are mg/g dry weight; N and C is %",,,,,Enclosure,196
43,B2_2,Coniferous,"","",2023/05/20 14:40:26.748,B,1,2,Vegetation,Mixed_Forest,938.857971191406,22,100,3.36,42.76,25.66190721,3.244202941,1.618287401,1.757803585,-0.078985808,"K, P, Mg, Ca and Na are mg/g dry weight; N and C is %",,,,,Enclosure,240
35,B2_3,Deciduous_Forest,"","",2023/05/20 11:14:28.324,B,2,2,Vegetation,Mixed_Forest,817.445190429688,23,800,3.38,42.9,25.90887483,3.235563603,0.999617142,1.027801467,0.000482951,"K, P, Mg, Ca and Na are mg/g dry weight; N and C is %",,,,,Enclosure,55
36,B2_4,Open_Mixed_Forest,Moved because of national park borders,"",2023/05/20 11:37:20.118,B,3,2,Vegetation,Mixed_Forest,797.065002441406,24,2100,3.15,44.07,17.18125722,2.765618174,0.743666859,1.057159379,0.0292137,"K, P, Mg, Ca and Na are mg/g dry weight; N and C is %",,,,,Enclosure,14
45,B3_1,Mixed_Forest,"","",2023/05/20 15:15:08.621,B,0,3,Vegetation,Mixed_Forest,852.721008300781,25,-100,3.67,43.57,29.52453609,2.78466285,1.739086274,1.225472107,0.441599151,"K, P, Mg, Ca and Na are mg/g dry weight; N and C is %",,,,,Enclosure,151
49,B3_2,Mixed_Forest,"","",2023/05/20 16:23:31.341,B,1,3,Vegetation,Mixed_Forest,844.575622558594,26,100,3.62,43.21,24.11984028,2.797139277,1.248240054,1.148720076,0.078981702,"K, P, Mg, Ca and Na are mg/g dry weight; N and C is %",,,,,Enclosure,152
37,B3_3,Coniferous,"",Calamagrostis; vaccinium myrtillus; urtica dioica; rubus spp: picea abies,2023/05/20 11:57:55.210,B,2,3,Vegetation,TransitionaL_WoodLand_Shrub,747.642456054688,27,800,3.08,43.69,21.20809477,2.938224072,1.036516819,1.758517406,-0.080842387,"K, P, Mg, Ca and Na are mg/g dry weight; N and C is %",,,,,Enclosure,56
34,B3_4,Open_Coniferous,"","",2023/05/20 10:44:57.060,B,3,3,Vegetation,ConiFerous_Forest,670.9697265625,28,2100,3.33,43.17,26.75756496,2.939802978,1.806978368,2.693803587,-0.079247528,"K, P, Mg, Ca and Na are mg/g dry weight; N and C is %",,,,,Enclosure,31
47,B4_1,Open,"","",2023/05/20 15:38:35.673,B,0,4,Vegetation,Mixed_Forest,809.52294921875,29,-100,3.62,42.26,30.19375763,3.570644477,1.628250536,3.092600971,0.107406637,"K, P, Mg, Ca and Na are mg/g dry weight; N and C is %",,,,,Enclosure,114
51,B4_2,Deciduous_Forest,"Very close (5m) to fertilized meadow

","",2023/05/20 16:44:37.569,B,1,4,Vegetation,Mixed_Forest,761.278686523438,30,100,3.13,40.79,40.26039297,5.440412063,1.269999133,3.89043075,0.073230023,"K, P, Mg, Ca and Na are mg/g dry weight; N and C is %",,,,,Enclosure,59
38,B4_3,Deciduous_Forest,Close to fertilized meadow (25m),"",2023/05/20 12:23:36.919,B,2,4,Vegetation,Mixed_Forest,733.173767089844,31,800,3.55,43.44,28.04661002,2.860554713,1.893978884,3.625622637,-0.080979031,"K, P, Mg, Ca and Na are mg/g dry weight; N and C is %",,,,,Enclosure,35
39,B4_4,Mixed_Forest,"Recent clear cut 
","",2023/05/20 12:51:12.077,B,3,4,Vegetation,Mixed_Forest,836.193969726562,32,2100,3.16,43.47,29.11951845,2.349483791,1.402720585,1.82210967,-0.052554278,"K, P, Mg, Ca and Na are mg/g dry weight; N and C is %",,,,,Enclosure,140
1,C1_1,Open_Coniferous,"","Half shadow Deschamps
Ia, open callamagrostis",2023/05/18 10:12:45.272,C,0,1,Vegetation,Mixed_Forest,865.823852539063,33,-100,3.67,42.19,27.41276909,3.621146517,1.104814991,1.813376748,-0.028916442,"K, P, Mg, Ca and Na are mg/g dry weight; N and C is %",,,,,Enclosure,60
2,C1_2,Deciduous_Forest,Calamagrostis almost open,"",2023/05/18 10:43:19.937,C,1,1,Vegetation,Mixed_Forest,854.703674316406,34,100,2.81,42.77,25.27912923,3.618055138,0.761142606,1.461107793,-0.038872951,"K, P, Mg, Ca and Na are mg/g dry weight; N and C is %",,,,,Enclosure,45
9,C1_3,Mixed_Forest,"","",2023/05/18 14:17:01.017,C,2,1,Vegetation,Broad_Leaved_Forest,904.848449707031,35,800,2.96,43.28,22.56750703,2.856860311,0.821473973,1.314360721,-0.049174536,"K, P, Mg, Ca and Na are mg/g dry weight; N and C is %",,,,,Enclosure,89
10,C1_4,Deciduous_Forest,Plant samples from a rather slopeish place,"",2023/05/18 15:02:48.736,C,3,1,Vegetation,Broad_Leaved_Forest,1155.12414550781,36,2100,2.96,43.11,20.2473647,2.475410571,0.80296973,0.953752084,-0.05322444,"K, P, Mg, Ca and Na are mg/g dry weight; N and C is %",,,,,Enclosure,294
3,C2_1,Open_Coniferous,Calamagrostis open,"",2023/05/18 11:27:16.439,C,0,2,Vegetation,Mixed_Forest,817.029907226563,37,-100,3.99,42.5,29.08943797,3.676609149,0.850111879,1.407385886,-0.071456626,"K, P, Mg, Ca and Na are mg/g dry weight; N and C is %",,,,,Enclosure,5
8,C2_2,Open_Coniferous,"","",2023/05/18 13:22:33.332,C,1,2,Vegetation,Mixed_Forest,802.98974609375,38,100,3.42,42.59,19.52767882,3.181888861,0.729749712,0.983132253,0.418219257,"K, P, Mg, Ca and Na are mg/g dry weight; N and C is %",,,,,Enclosure,0
11,C2_3,Shrubland,"","",2023/05/18 15:59:55.753,C,2,2,Vegetation,ConiFerous_Forest,796.759582519531,39,800,2.51,42.82,21.20634799,2.606100964,0.88470408,1.135633954,-0.031105175,"K, P, Mg, Ca and Na are mg/g dry weight; N and C is %",,,,,Enclosure,11
12,C2_4,Coniferous,Free sky: .75,"",2023/05/18 16:25:07.830,C,3,2,Vegetation,Mixed_Forest,813.905944824219,40,2100,3.06,43.07,24.50544672,3.785936821,1.118411348,1.416389473,-0.05402628,"K, P, Mg, Ca and Na are mg/g dry weight; N and C is %",,,,,Enclosure,5
4,C3_1,Open_Coniferous,Calamagrostis open,"",2023/05/18 11:49:36.388,C,0,3,Vegetation,Broad_Leaved_Forest,848.220703125,41,-100,3.71,42.89,23.70543942,3.73620083,1.240178026,1.736168623,-0.033529254,"K, P, Mg, Ca and Na are mg/g dry weight; N and C is %",,,,,Enclosure,34
7,C3_2,Open_Wetland,"","",2023/05/18 13:00:18.838,C,1,3,Vegetation,ConiFerous_Forest,836.619567871094,42,100,3.29,42.4,22.67439855,3.538813041,1.090471932,1.388395862,-0.037642942,"K, P, Mg, Ca and Na are mg/g dry weight; N and C is %",,,,,Enclosure,20
13,C3_3,Mixed_Forest,"","",2023/05/18 16:51:29.126,C,2,3,Vegetation,Broad_Leaved_Forest,857.869995117188,43,800,2.9,41.83,21.82434969,2.222956528,0.969177356,1.453429944,-0.035153274,"K, P, Mg, Ca and Na are mg/g dry weight; N and C is %",,,,,Enclosure,75
14,C3_4,Coniferous,"","",2023/05/18 17:15:33.554,C,3,3,Vegetation,ConiFerous_Forest,771.971801757813,44,2100,2.83,43.08,18.96332004,2.924982981,0.847593531,1.087908842,-0.025188276,"K, P, Mg, Ca and Na are mg/g dry weight; N and C is %",,,,,Enclosure,17
5,C4_1,Coniferous,"","",2023/05/18 12:27:12.102,C,0,4,Vegetation,ConiFerous_Forest,864.240234375,45,-100,3.89,41.81,27.86122787,3.39051093,1.174869666,1.720718892,-0.037608884,"K, P, Mg, Ca and Na are mg/g dry weight; N and C is %",,,,,Enclosure,37
6,C4_2,Deciduous_Forest,"","",2023/05/18 12:36:04.392,C,1,4,Vegetation,Broad_Leaved_Forest,850.252014160156,46,100,3.16,42.72,20.36402745,3.110922659,0.909145856,1.531880865,-0.038210268,"K, P, Mg, Ca and Na are mg/g dry weight; N and C is %",,,,,Enclosure,36
161,C4_3,Mixed_Forest,Soil wet,"",2023/05/19 11:12:13,C,2,4,Vegetation,TransitionaL_WoodLand_Shrub,822.633605957031,47,800,2.73,43.82,21.15011211,2.713565236,0.786451737,1.044544556,-0.017424057,"K, P, Mg, Ca and Na are mg/g dry weight; N and C is %",,,,,Enclosure,5
161,C4_4,Mixed_Forest,Soil wet,"",2023/05/19 12:13:14,C,3,4,Vegetation,Mixed_Forest,821.53564453125,48,2100,3.25,43.07,24.82463721,2.588908183,1.41223802,1.452414795,-0.045663185,"K, P, Mg, Ca and Na are mg/g dry weight; N and C is %",,,,,Enclosure,49
16,D1_1,Open_Mixed_Forest,"","",2023/05/19 10:22:31.443,D,0,1,Vegetation,Mixed_Forest,930.629028320313,49,-100,3.77,43.23,27.15502531,2.49238309,1.189503677,1.340657146,-0.036587293,"K, P, Mg, Ca and Na are mg/g dry weight; N and C is %",,,,,Enclosure,140
24,D1_2,Mixed_Forest,Very close to the fence,"",2023/05/19 13:16:29.306,D,1,1,Vegetation,Mixed_Forest,975.707946777344,50,100,4.17,43.38,23.30970114,3.515623779,1.172833768,1.328961642,-0.061749591,"K, P, Mg, Ca and Na are mg/g dry weight; N and C is %",,,,,Enclosure,193
22,D1_3,Deciduous_Forest,"","",2023/05/19 12:54:41.908,D,2,1,Vegetation,Mixed_Forest,984.470275878906,51,800,4.15,44.06,25.38192242,3.329747462,1.661480922,1.49318732,-0.023689242,"K, P, Mg, Ca and Na are mg/g dry weight; N and C is %",,,,,Enclosure,115
25,D1_4,Open_Coniferous,"","",2023/05/19 14:03:16.653,D,3,1,Vegetation,Mixed_Forest,1132.16369628906,52,2100,4.06,42.15,25.77613873,3.966622271,0.872113045,1.542108498,-0.064107335,"K, P, Mg, Ca and Na are mg/g dry weight; N and C is %",,,,,Enclosure,121
17,D2_1,Deciduous_Forest,"","",2023/05/19 10:41:21.482,D,0,2,Vegetation,Mixed_Forest,873.584411621094,53,-100,4.01,43.1,30.27109442,3.242737213,1.657491106,2.732631092,-0.063660385,"K, P, Mg, Ca and Na are mg/g dry weight; N and C is %",,,,,Enclosure,93
21,D2_2,Deciduous_Forest,Close to forest road,"",2023/05/19 12:28:24.812,D,1,2,Vegetation,Mixed_Forest,837.268493652344,54,100,3.03,42.34,30.35173594,3.29546593,1.653411396,2.758789514,-0.061500549,"K, P, Mg, Ca and Na are mg/g dry weight; N and C is %",,,,,Enclosure,61
30,D2_3,Mixed_Forest,Plot moved to respect national park borders,"",2023/05/19 15:25:50.113,D,2,2,Vegetation,ConiFerous_Forest,822.795837402344,55,800,2.8,42.98,20.00501302,3.055185195,0.746747639,1.689080514,-0.037973917,"K, P, Mg, Ca and Na are mg/g dry weight; N and C is %",,,,,Enclosure,43
28,D2_4,Coniferous,Hunting stand; plot moved to resect national park borders,"",2023/05/19 15:06:30.269,D,3,2,Vegetation,ConiFerous_Forest,824.555419921875,56,2100,3.74,43.59,25.35370163,3.470011878,1.06481286,1.506724407,-0.024620153,"K, P, Mg, Ca and Na are mg/g dry weight; N and C is %",,,,,Enclosure,11
18,D3_1,Deciduous_Forest,"","",2023/05/19 11:03:05.985,D,0,3,Vegetation,Mixed_Forest,843.92333984375,57,-100,3.81,42.69,25.44405826,3.645874619,1.38507183,1.861840274,-0.046854311,"K, P, Mg, Ca and Na are mg/g dry weight; N and C is %",,,,,Enclosure,50
20,D3_2,Coniferous,"","",2023/05/19 12:13:38.443,D,1,3,Vegetation,ConiFerous_Forest,802.697509765625,58,100,3.59,43.54,22.01290013,3.451711751,1.630125522,1.640719911,-0.044340366,"K, P, Mg, Ca and Na are mg/g dry weight; N and C is %",,,,,Enclosure,12
27,D3_3,Open_Coniferous,"","",2023/05/19 14:45:36.749,D,2,3,Vegetation,ConiFerous_Forest,774.334106445313,59,800,2.68,36.88,22.10455367,2.796671734,1.118020304,1.849536634,-0.011338068,"K, P, Mg, Ca and Na are mg/g dry weight; N and C is %",,,,,Enclosure,10
32,D3_4,Mixed_Forest,"Plot moved to avoid city center


","",2023/05/19 15:48:09.743,D,3,3,Vegetation,ConiFerous_Forest,856.083068847656,60,2100,3.67,43.8,25.21657338,3.356183048,1.499845551,1.177735366,-0.004919749,"K, P, Mg, Ca and Na are mg/g dry weight; N and C is %",,,,,Enclosure,91
15,D4_1,Open_Deciduous,"","",2023/05/19 10:01:04.989,D,0,4,Vegetation,Mixed_Forest,849.693908691406,61,-100,3.54,43.53,25.70482009,3.066722032,0.970709654,1.854482311,-0.028582387,"K, P, Mg, Ca and Na are mg/g dry weight; N and C is %",,,,,Enclosure,68
19,D4_2,Coniferous,"","",2023/05/19 11:54:33.892,D,1,4,Vegetation,Mixed_Forest,853.771789550781,62,100,4.12,42.93,34.32787829,3.826516113,1.529650055,1.684416877,-0.054793971,"K, P, Mg, Ca and Na are mg/g dry weight; N and C is %",,,,,Enclosure,46
26,D4_3,Open_Mixed_Forest,Rather wet soil,"",2023/05/19 14:27:26.465,D,2,4,Vegetation,Pastures,868.972351074219,63,800,3.23,43.36,18.40165282,2.721473127,1.136631977,1.407322561,-0.033220221,"K, P, Mg, Ca and Na are mg/g dry weight; N and C is %",,,,,Enclosure,30
33,D4_4,Deciduous_Forest,"","",2023/05/19 17:09:24.488,D,3,4,Vegetation,Mixed_Forest,880.851989746094,64,2100,2.55,42.2,20.36045722,2.019497071,0.688735721,0.870383876,-0.047719199,"K, P, Mg, Ca and Na are mg/g dry weight; N and C is %",,,,,Enclosure,125
1,MA_T_1,Shrubland,"","",2023/05/22 10:13:07.608,MA,Treatment,,Vegetation,"",1279.25170898438,65,,3.74,43.61,25.49497013,3.606634933,1.295798225,1.9662759,-0.05127294,"K, P, Mg, Ca and Na are mg/g dry weight; N and C is %",,,,,Mountain,183
2,MA_T_2,Shrubland,"","",2023/05/22 10:19:47.686,MA,Treatment,,Vegetation,"",1280.95263671875,66,,3.9,44.37,23.86581466,3.757652392,1.341836032,1.509848889,-0.031378845,"K, P, Mg, Ca and Na are mg/g dry weight; N and C is %",,,,,Mountain,185
3,MA_T_3,Shrubland,"","",2023/05/22 10:25:38.749,MA,Treatment,,Vegetation,"",1276.36254882813,67,,3.77,43.94,21.84361687,3.472068136,0.847923698,1.167290017,-0.039583028,"K, P, Mg, Ca and Na are mg/g dry weight; N and C is %",,,,,Mountain,181
4,MA_T_4,Shrubland,"","",2023/05/22 10:31:07.515,MA,Treatment,,Vegetation,"",1275.71704101563,68,,4.25,44.41,27.7536202,4.085926451,1.509488944,1.748227561,-0.035838752,"K, P, Mg, Ca and Na are mg/g dry weight; N and C is %",,,,,Mountain,177
5,MA_C_1,Open_Mixed_Forest,"","",2023/05/22 11:39:23.596,MA,Control,,Vegetation,TransitionaL_WoodLand_Shrub,1098.49340820313,69,,3.59,44.37,20.79387737,3.155196702,1.294407062,1.21647,-0.053328474,"K, P, Mg, Ca and Na are mg/g dry weight; N and C is %",,,,,Mountain,157
6,MA_C_2,Shrubland,Old feces,"",2023/05/22 11:46:32.522,MA,Control,,Vegetation,TransitionaL_WoodLand_Shrub,1104.56005859375,70,,2.69,45.24,15.99107592,2.435321887,0.817144439,1.517884166,-0.060571895,"K, P, Mg, Ca and Na are mg/g dry weight; N and C is %",,,,,Mountain,171
7,MA_C_3,Open_Mixed_Forest,"","",2023/05/22 11:50:38.092,MA,Control,,Vegetation,TransitionaL_WoodLand_Shrub,1103.76586914063,71,,3.78,44.49,25.75207247,3.417438024,1.374667254,1.905483022,-0.061163683,"K, P, Mg, Ca and Na are mg/g dry weight; N and C is %",,,,,Mountain,116
8,MA_C_4,Open,"Old feces
Generally more signs of deer activity compared to treatment site","",2023/05/22 11:58:07.788,MA,Control,,Vegetation,"",1081.49682617187,72,,4.12,44.93,16.31480968,3.834656166,1.456199739,1.804277633,-0.024933523,"K, P, Mg, Ca and Na are mg/g dry weight; N and C is %",,,,,Mountain,88
25,MD_T_1,Coniferous,"","",2023/05/22 14:41:05.103,MD,Treatment,,Vegetation,"",1287.478515625,73,,4.24,44.53,27.5922155,4.08943696,1.120399963,1.380034143,-0.045775802,"K, P, Mg, Ca and Na are mg/g dry weight; N and C is %",,,,,Mountain,75
26,MD_T_2,Coniferous,"","",2023/05/22 14:48:02.089,MD,Treatment,,Vegetation,"",1294.71569824219,74,,4.66,42.82,29.91673248,4.524426288,0.87756823,1.584579513,-0.031501142,"K, P, Mg, Ca and Na are mg/g dry weight; N and C is %",,,,,Mountain,79
27,MD_T_3,Open,"","",2023/05/22 14:54:53.465,MD,Treatment,,Vegetation,"",1300.70446777344,75,,4.31,44.13,24.30929086,3.644911534,1.402315791,1.554694903,-0.015581735,"K, P, Mg, Ca and Na are mg/g dry weight; N and C is %",,,,,Mountain,75
28,MD_T_4,Open,"","",2023/05/22 15:03:34.252,MD,Treatment,,Vegetation,"",1299.23034667969,76,,4.11,44.52,24.70152266,4.318430429,1.002241005,1.338642215,-0.027057808,"K, P, Mg, Ca and Na are mg/g dry weight; N and C is %",,,,,Mountain,74
29,MD_C_1,Open,"","",2023/05/22 16:08:52.327,MD,Control,,Vegetation,Mixed_Forest,1145.45434570313,77,,3.39,44.02,21.22291024,3.333104094,0.769933213,0.879939519,-0.036922236,"K, P, Mg, Ca and Na are mg/g dry weight; N and C is %",,,,,Mountain,138
30,MD_C_2,Shrubland,"","",2023/05/22 16:16:22.688,MD,Control,,Vegetation,Mixed_Forest,1141.4130859375,78,,3.91,44.17,29.55428129,3.923419899,1.287855302,1.515986568,-0.025386551,"K, P, Mg, Ca and Na are mg/g dry weight; N and C is %",,,,,Mountain,141
31,MD_C_3,Open_Mixed_Forest,Feces present,"",2023/05/22 16:22:10.212,MD,Control,,Vegetation,Mixed_Forest,1144.83728027344,79,,4.1,44.42,26.72814684,3.627120122,1.016880585,1.413241642,-0.025684653,"K, P, Mg, Ca and Na are mg/g dry weight; N and C is %",,,,,Mountain,142
32,MD_C_4,Open,"","",2023/05/22 16:30:09.801,MD,Control,,Vegetation,Mixed_Forest,1151.33996582031,80,,3.73,43.53,24.31283603,4.218827658,1.039235248,1.739389812,-0.026092502,"K, P, Mg, Ca and Na are mg/g dry weight; N and C is %",,,,,Mountain,137
9,MB_T_1,Open,"","",1684742337,MB,Treatment,,Vegetation,"",1368.23486328125,81,,3.86,44.57,25.90644184,4.115053683,0.896887211,1.102928083,-0.061286645,"K, P, Mg, Ca and Na are mg/g dry weight; N and C is %",,,,,Mountain,272
10,MB_T_2,Open,"","",1684743398,MB,Treatment,,Vegetation,"",1364.44604492188,82,,3.99,44.61,27.55679496,3.920739255,0.991741014,1.261601733,-0.025451137,"K, P, Mg, Ca and Na are mg/g dry weight; N and C is %",,,,,Mountain,264
11,MB_T_3,Open,"","",1684744214,MB,Treatment,,Vegetation,"",1351.70373535156,83,,3.83,44.22,25.68307548,4.341687219,1.024141479,1.190332048,-0.025251237,"K, P, Mg, Ca and Na are mg/g dry weight; N and C is %",,,,,Mountain,279
12,MB_T_4,Open,"","",1684744921,MB,Treatment,,Vegetation,"",1355.37316894531,84,,4.33,43.86,25.69349131,3.619981975,0.700494064,1.435618319,-0.015305113,"K, P, Mg, Ca and Na are mg/g dry weight; N and C is %",,,,,Mountain,279
13,MB_C_1,Mixed_Forest,"","",1684750916,MB,Control,,Vegetation,Broad_Leaved_Forest,1173.21105957031,85,,3.79,44.04,22.97894843,3.367782347,0.941599081,1.257069346,-0.021580529,"K, P, Mg, Ca and Na are mg/g dry weight; N and C is %",,,,,Mountain,377
14,MB_C_2,Mixed_Forest,"","",1684751914,MB,Control,,Vegetation,Broad_Leaved_Forest,1220.69189453125,86,,3.74,44.63,23.30830793,3.421303016,0.893899041,1.222150379,-0.012935522,"K, P, Mg, Ca and Na are mg/g dry weight; N and C is %",,,,,Mountain,328
15,MB_C_3,Open,"","",1684753185,MB,Control,,Vegetation,TransitionaL_WoodLand_Shrub,1222.63366699219,87,,3.6,44.54,22.40968551,3.594766581,0.853924215,1.372661678,-0.017756197,"K, P, Mg, Ca and Na are mg/g dry weight; N and C is %",,,,,Mountain,253
16,MB_C_4,Open,"","",1684754025,MB,Control,,Vegetation,TransitionaL_WoodLand_Shrub,1207.42834472656,88,,3.74,44.08,22.79490429,3.609187422,0.802496444,1.150099485,-0.015686247,"K, P, Mg, Ca and Na are mg/g dry weight; N and C is %",,,,,Mountain,233
17,MC_T_1,Open,"","",1684762275,MC,Treatment,,Vegetation,"",1339.8994140625,89,,3.32,43.21,26.4809437,4.728679975,0.992772248,1.782566028,0.014701987,"K, P, Mg, Ca and Na are mg/g dry weight; N and C is %",,,,,Mountain,252
18,MC_T_2,Open,"","",1684763400,MC,Treatment,,Vegetation,"",1337.85632324219,90,,3.82,42.92,26.82266258,4.500456971,0.900337352,1.323830389,0.107055446,"K, P, Mg, Ca and Na are mg/g dry weight; N and C is %",,,,,Mountain,249
19,MC_T_3,Open,"","",1684764173,MC,Treatment,,Vegetation,TransitionaL_WoodLand_Shrub,1350.68420410156,91,,3.87,43.98,23.80336208,4.868934835,1.162226364,1.777196455,0.019470507,"K, P, Mg, Ca and Na are mg/g dry weight; N and C is %",,,,,Mountain,265
20,MC_T_4,Open,"","",1684764956,MC,Treatment,,Vegetation,TransitionaL_WoodLand_Shrub,1351.37377929688,92,,4.38,43.46,27.29198341,4.935144939,1.402486919,1.380268624,0.086792585,"K, P, Mg, Ca and Na are mg/g dry weight; N and C is %",,,,,Mountain,262
21,MC_C_1,Open,"","",1684768658,MC,Control,,Vegetation,"",1211.46276855469,93,,3.83,43.83,23.36842327,3.672788409,1.510542654,2.04560777,-0.035836212,"K, P, Mg, Ca and Na are mg/g dry weight; N and C is %",,,,,Mountain,50
22,MC_C_2,Open,"","",1684769429,MC,Control,,Vegetation,"",1196.72131347656,94,,3.87,43.95,25.86902558,4.690713286,0.930181071,1.049554599,0.0237978,"K, P, Mg, Ca and Na are mg/g dry weight; N and C is %",,,,,Mountain,37
23,MC_C_3,Coniferous,"","",1684770203,MC,Control,,Vegetation,"",1208.71667480469,95,,3.18,43.99,20.72882102,2.993259428,0.78653379,1.076184506,-0.026247502,"K, P, Mg, Ca and Na are mg/g dry weight; N and C is %",,,,,Mountain,171
24,MC_C_4,Coniferous,"","",1684771113,MC,Control,,Vegetation,"",1212.51379394531,96,,4.38,45.33,25.78409104,3.94474907,1.219809968,1.673694811,-0.080493664,"K, P, Mg, Ca and Na are mg/g dry weight; N and C is %",,,,,Mountain,53
56,A1_1,Open,Looks like lawn,"",2023/05/21 13:43:04.063,A,0,1,Soil,Mixed_Forest,760.45263671875,97,-100,0.54,8.3,0.3538,68.523,3.594,6.7503,0.0464,"Al, Mg, Na, Ca, K, Acidity & ECEC are cmolc/kg dry weight; P is mg/kg, N and C is %",12.066,89.05,1.321,0.722,Enclosure,0
55,A1_2,Coniferous,"","",2023/05/21 13:26:38.716,A,1,1,Soil,Mixed_Forest,793.914245605469,98,100,1.01,18.22,0.596,10.104,1.0932,1.5454,0.0689,"Al, Mg, Na, Ca, K, Acidity & ECEC are cmolc/kg dry weight; P is mg/kg, N and C is %",12.929,25.55,9.626,10.422,Enclosure,51
54,A1_3,Deciduous_Forest,Very close to road; soil 20m deeper in forest,"",2023/05/21 13:11:08.972,A,2,1,Soil,Mixed_Forest,816.084350585938,99,800,0.84,15.48,0.4667,11.154,0.5448,0.3409,0.0407,"Al, Mg, Na, Ca, K, Acidity & ECEC are cmolc/kg dry weight; P is mg/kg, N and C is %",13.978,9.97,12.584,9.297,Enclosure,20
53,A1_4,Mixed_Forest,Very close to road,"",2023/05/21 11:58:07.819,A,3,1,Soil,Mixed_Forest,951.145751953125,100,2100,0.23,3.58,0.189,20.674,0.2728,0.4343,0.0274,"Al, Mg, Na, Ca, K, Acidity & ECEC are cmolc/kg dry weight; P is mg/kg, N and C is %",4.559,20.26,3.635,4.126,Enclosure,43
57,A2_1,Open,"
Close to building","",2023/05/21 14:04:22.319,A,0,2,Soil,ConiFerous_Forest,727.751037597656,101,-100,0.31,3.82,0.6544,51.706,0.722,5.2335,0.0095,"Al, Mg, Na, Ca, K, Acidity & ECEC are cmolc/kg dry weight; P is mg/kg, N and C is %",7.06,93.76,0.44,0.129,Enclosure,24
58,A2_2,Open_Mixed_Forest,Recent clearcut; be careful with soil compaction,"",2023/05/21 14:22:20.497,A,1,2,Soil,ConiFerous_Forest,699.336303710938,102,100,0.48,7.46,0.5094,13.394,0.5431,0.7914,0.0475,"Al, Mg, Na, Ca, K, Acidity & ECEC are cmolc/kg dry weight; P is mg/kg, N and C is %",7.95,23.79,6.058,6.114,Enclosure,3
1312,A2_3,"","","",2023/05/21 15:31:41.101,A,2,2,Soil,Mixed_Forest,791.038208007813,103,800,0.38,7.67,0.2176,12.134,0.3251,0.4928,0.0343,"Al, Mg, Na, Ca, K, Acidity & ECEC are cmolc/kg dry weight; P is mg/kg, N and C is %",10.734,9.97,9.664,7.912,Enclosure,90
52,A2_4,Deciduous_Forest,"","",2023/05/21 10:48:54.865,A,3,2,Soil,Mixed_Forest,894.30224609375,104,2100,0.84,15.13,0.5363,25.079,1.9975,8.1281,0.0274,"Al, Mg, Na, Ca, K, Acidity & ECEC are cmolc/kg dry weight; P is mg/kg, N and C is %",13.678,78.15,2.989,2.357,Enclosure,103
60,A3_1,Coniferous,"","",2023/05/21 14:47:08.250,A,0,3,Soil,ConiFerous_Forest,729.824890136719,105,-100,0.76,16.02,0.7995,29.384,1.669,5.1602,0.0591,"Al, Mg, Na, Ca, K, Acidity & ECEC are cmolc/kg dry weight; P is mg/kg, N and C is %",13.303,57.79,5.615,3.715,Enclosure,43
59,A3_2,Open_Deciduous,"Enlosure borders different than expected - still close tho
","",2023/05/21 14:37:39.812,A,1,3,Soil,Mixed_Forest,714.720520019531,106,100,1.32,29.02,0.4819,30.184,1.0416,2.8523,0.046,"Al, Mg, Na, Ca, K, Acidity & ECEC are cmolc/kg dry weight; P is mg/kg, N and C is %",15.378,28.75,10.956,6.869,Enclosure,58
65,A3_3,Mixed_Forest,Close to annoyingly well used sreet,"",2023/05/21 17:14:23.606,A,2,3,Soil,ConiFerous_Forest,673.487548828125,107,800,0.92,17.32,0.4603,8.984,0.4704,0.8435,0.0571,"Al, Mg, Na, Ca, K, Acidity & ECEC are cmolc/kg dry weight; P is mg/kg, N and C is %",12.594,14.54,10.762,9.257,Enclosure,19
66,A3_4,Shrubland,"","",2023/05/21 17:37:46.618,A,3,3,Soil,Mixed_Forest,874.474914550781,108,2100,1.68,39.97,1.1016,72.627,2.0883,6.2501,0.0644,"Al, Mg, Na, Ca, K, Acidity & ECEC are cmolc/kg dry weight; P is mg/kg, N and C is %",21.247,44.73,11.742,3.843,Enclosure,230
61,A4_1,Mixed_Forest,"","",2023/05/21 15:04:12.453,A,0,4,Soil,Mixed_Forest,743.527954101563,109,-100,0.79,15.68,0.482,18.224,0.767,1.2771,0.0263,"Al, Mg, Na, Ca, K, Acidity & ECEC are cmolc/kg dry weight; P is mg/kg, N and C is %",13.366,19.1,10.813,6.945,Enclosure,74
62,A4_2,Deciduous_Forest,Close to recent heavy machine traffic,"",2023/05/21 15:31:41.101,A,1,4,Soil,Mixed_Forest,753.970825195313,110,100,0.65,13.53,0.8626,40.895,2.0811,8.9491,0.0432,"Al, Mg, Na, Ca, K, Acidity & ECEC are cmolc/kg dry weight; P is mg/kg, N and C is %",13.058,91.4,1.122,0.321,Enclosure,103
63,A4_3,Mixed_Forest,"
Very small individuals","",2023/05/21 16:27:53.599,A,2,4,Soil,Mixed_Forest,777.490600585938,111,800,0.71,12.84,0.5676,16.754,1.3387,4.6213,0.0553,"Al, Mg, Na, Ca, K, Acidity & ECEC are cmolc/kg dry weight; P is mg/kg, N and C is %",14.043,46.88,7.46,4.173,Enclosure,111
64,A4_4,Open,Clearcut,"",2023/05/21 16:55:39.847,A,3,4,Soil,ConiFerous_Forest,662.699584960938,112,2100,0.63,10.32,0.5998,13.254,1.002,2.0445,0.0299,"Al, Mg, Na, Ca, K, Acidity & ECEC are cmolc/kg dry weight; P is mg/kg, N and C is %",12.339,29.79,8.662,6.437,Enclosure,33
48,B1_1,Open_Mixed_Forest,Close to feeding station; had to be moved because of preenclosure,"",2023/05/20 16:01:49.050,B,0,1,Soil,Mixed_Forest,840.431823730469,113,-100,2.41,37.79,3.2022,58.813,4.7688,7.6806,0.0457,"Al, Mg, Na, Ca, K, Acidity & ECEC are cmolc/kg dry weight; P is mg/kg, N and C is %",20.859,75.25,5.162,2.07,Enclosure,135
42,B1_2,Coniferous,"","",2023/05/20 14:15:49.061,B,1,1,Soil,Mixed_Forest,824.921081542969,114,100,0.4,6.87,0.3007,44.799,0.5722,0.7658,0.0238,"Al, Mg, Na, Ca, K, Acidity & ECEC are cmolc/kg dry weight; P is mg/kg, N and C is %",16.318,10.19,14.656,12.477,Enclosure,41
40,B1_3,Mixed_Forest,"","",2023/05/20 13:19:20.590,B,2,1,Soil,Mixed_Forest,864.560363769531,115,800,0.57,8.39,0.3894,7.094,0.3643,0.6516,0.0642,"Al, Mg, Na, Ca, K, Acidity & ECEC are cmolc/kg dry weight; P is mg/kg, N and C is %",12.369,11.88,10.9,8.606,Enclosure,38
41,B1_4,Mixed_Forest,Close to gravel road,"",2023/05/20 13:39:10.881,B,3,1,Soil,Mixed_Forest,1027.6142578125,116,2100,0.61,10.66,0.402,23.614,0.8108,1.9438,0.0361,"Al, Mg, Na, Ca, K, Acidity & ECEC are cmolc/kg dry weight; P is mg/kg, N and C is %",13.51,23.63,10.318,7.881,Enclosure,103
44,B2_1,Deciduous_Forest,"","",2023/05/20 14:59:32.604,B,0,2,Soil,Mixed_Forest,892.501770019531,117,-100,0.52,9.27,0.696,11.504,0.6714,1.6841,0.0379,"Al, Mg, Na, Ca, K, Acidity & ECEC are cmolc/kg dry weight; P is mg/kg, N and C is %",13.845,22.31,10.756,7.834,Enclosure,196
43,B2_2,Coniferous,"","",2023/05/20 14:40:26.748,B,1,2,Soil,Mixed_Forest,938.857971191406,118,100,0.71,15.96,0.3292,11.434,0.4733,0.7688,0.1028,"Al, Mg, Na, Ca, K, Acidity & ECEC are cmolc/kg dry weight; P is mg/kg, N and C is %",17.544,9.54,15.87,9.998,Enclosure,240
35,B2_3,Deciduous_Forest,"","",2023/05/20 11:14:28.324,B,2,2,Soil,Mixed_Forest,817.445190429688,119,800,0.97,18.9,0.5598,13.254,0.7736,1.2387,0.0567,"Al, Mg, Na, Ca, K, Acidity & ECEC are cmolc/kg dry weight; P is mg/kg, N and C is %",21.063,12.48,18.434,11.708,Enclosure,55
36,B2_4,Open_Mixed_Forest,Moved because of national park borders,"",2023/05/20 11:37:20.118,B,3,2,Soil,Mixed_Forest,797.065002441406,120,2100,0.7,13.33,0.4857,24.384,1.6669,3.1288,0.0368,"Al, Mg, Na, Ca, K, Acidity & ECEC are cmolc/kg dry weight; P is mg/kg, N and C is %",20.197,26.33,14.879,8.14,Enclosure,14
45,B3_1,Mixed_Forest,"","",2023/05/20 15:15:08.621,B,0,3,Soil,Mixed_Forest,852.721008300781,121,-100,0.76,11.95,0.3362,8.774,0.4539,0.1885,0.0418,"Al, Mg, Na, Ca, K, Acidity & ECEC are cmolc/kg dry weight; P is mg/kg, N and C is %",11.663,8.75,10.643,8.979,Enclosure,151
49,B3_2,Mixed_Forest,"","",2023/05/20 16:23:31.341,B,1,3,Soil,Mixed_Forest,844.575622558594,122,100,0.68,13.63,0.5276,13.114,1.0615,2.5154,0.0378,"Al, Mg, Na, Ca, K, Acidity & ECEC are cmolc/kg dry weight; P is mg/kg, N and C is %",16.335,25.36,12.193,9.86,Enclosure,152
37,B3_3,Coniferous,"",Calamagrostis; vaccinium myrtillus; urtica dioica; rubus spp: picea abies,2023/05/20 11:57:55.210,B,2,3,Soil,TransitionaL_WoodLand_Shrub,747.642456054688,123,800,0.96,19.79,0.389,39.193,0.7868,0.63,0.0526,"Al, Mg, Na, Ca, K, Acidity & ECEC are cmolc/kg dry weight; P is mg/kg, N and C is %",14.092,13.19,12.234,9.799,Enclosure,56
34,B3_4,Open_Coniferous,"","",2023/05/20 10:44:57.060,B,3,3,Soil,ConiFerous_Forest,670.9697265625,124,2100,1.12,33.75,0.6407,10.594,1.2614,2.8489,0.124,"Al, Mg, Na, Ca, K, Acidity & ECEC are cmolc/kg dry weight; P is mg/kg, N and C is %",19.443,25.07,14.568,13.393,Enclosure,31
47,B4_1,Open,"","",2023/05/20 15:38:35.673,B,0,4,Soil,Mixed_Forest,809.52294921875,125,-100,0.65,7.84,0.5482,29.584,0.9668,2.5895,0.047,"Al, Mg, Na, Ca, K, Acidity & ECEC are cmolc/kg dry weight; P is mg/kg, N and C is %",9.221,45.02,5.07,5.008,Enclosure,114
51,B4_2,Deciduous_Forest,"Very close (5m) to fertilized meadow

","",2023/05/20 16:44:37.569,B,1,4,Soil,Mixed_Forest,761.278686523438,126,100,0.92,14.48,0.8163,115.069,1.5768,10.2964,0.0539,"Al, Mg, Na, Ca, K, Acidity & ECEC are cmolc/kg dry weight; P is mg/kg, N and C is %",16.662,76.48,3.918,0.908,Enclosure,59
38,B4_3,Deciduous_Forest,Close to fertilized meadow (25m),"",2023/05/20 12:23:36.919,B,2,4,Soil,Mixed_Forest,733.173767089844,127,800,0.59,10.21,0.4593,10.734,0.8113,2.2839,0.0269,"Al, Mg, Na, Ca, K, Acidity & ECEC are cmolc/kg dry weight; P is mg/kg, N and C is %",12.805,27.97,9.224,8.423,Enclosure,35
39,B4_4,Mixed_Forest,"Recent clear cut 
","",2023/05/20 12:51:12.077,B,3,4,Soil,Mixed_Forest,836.193969726562,128,2100,0.62,14.51,0.2754,5.337,0.3875,1.0467,0.0312,"Al, Mg, Na, Ca, K, Acidity & ECEC are cmolc/kg dry weight; P is mg/kg, N and C is %",10.735,16.22,8.994,7.92,Enclosure,140
1,C1_1,Open_Coniferous,"","Half shadow Deschamps
Ia, open callamagrostis",2023/05/18 10:12:45.272,C,0,1,Soil,Mixed_Forest,865.823852539063,129,-100,1.45,24.3,1.0764,32.887,1.9694,5.5807,0.0284,"Al, Mg, Na, Ca, K, Acidity & ECEC are cmolc/kg dry weight; P is mg/kg, N and C is %",15.939,54.3,7.284,4.806,Enclosure,60
2,C1_2,Deciduous_Forest,Calamagrostis almost open,"",2023/05/18 10:43:19.937,C,1,1,Soil,Mixed_Forest,854.703674316406,130,100,0.7,15.12,0.4131,22.214,0.5596,3.2143,0.0326,"Al, Mg, Na, Ca, K, Acidity & ECEC are cmolc/kg dry weight; P is mg/kg, N and C is %",10.166,41.51,5.946,3.789,Enclosure,45
9,C1_3,Mixed_Forest,"","",2023/05/18 14:17:01.017,C,2,1,Soil,Broad_Leaved_Forest,904.848449707031,131,800,0.34,7.46,0.417,17.034,0.983,5.2281,0.0769,"Al, Mg, Na, Ca, K, Acidity & ECEC are cmolc/kg dry weight; P is mg/kg, N and C is %",11.725,57.19,5.02,2.463,Enclosure,89
10,C1_4,Deciduous_Forest,Plant samples from a rather slopeish place,"",2023/05/18 15:02:48.736,C,3,1,Soil,Broad_Leaved_Forest,1155.12414550781,132,2100,1.15,22.58,0.2879,13.534,0.5515,0.5102,0.1089,"Al, Mg, Na, Ca, K, Acidity & ECEC are cmolc/kg dry weight; P is mg/kg, N and C is %",14.998,9.72,13.54,9.876,Enclosure,294
3,C2_1,Open_Coniferous,Calamagrostis open,"",2023/05/18 11:27:16.439,C,0,2,Soil,Mixed_Forest,817.029907226563,133,-100,0.91,14.66,0.6683,12.274,0.6933,0.9281,0.043,"Al, Mg, Na, Ca, K, Acidity & ECEC are cmolc/kg dry weight; P is mg/kg, N and C is %",13.292,17.55,10.96,9.022,Enclosure,5
8,C2_2,Open_Coniferous,"","",2023/05/18 13:22:33.332,C,1,2,Soil,Mixed_Forest,802.98974609375,134,100,1.13,17.26,0.4384,18.224,0.4351,0.3382,0.0888,"Al, Mg, Na, Ca, K, Acidity & ECEC are cmolc/kg dry weight; P is mg/kg, N and C is %",7.766,16.75,6.465,5.248,Enclosure,0
11,C2_3,Shrubland,"","",2023/05/18 15:59:55.753,C,2,2,Soil,ConiFerous_Forest,796.759582519531,135,800,0.78,18.09,0.4677,10.384,1.2224,2.117,0.0693,"Al, Mg, Na, Ca, K, Acidity & ECEC are cmolc/kg dry weight; P is mg/kg, N and C is %",16.628,23.31,12.752,8.916,Enclosure,11
12,C2_4,Coniferous,Free sky: .75,"",2023/05/18 16:25:07.830,C,3,2,Soil,Mixed_Forest,813.905944824219,136,2100,0.56,10.4,0.3229,18.994,0.6127,0.5712,0.0473,"Al, Mg, Na, Ca, K, Acidity & ECEC are cmolc/kg dry weight; P is mg/kg, N and C is %",10.215,15.21,8.66,7.144,Enclosure,5
4,C3_1,Open_Coniferous,Calamagrostis open,"",2023/05/18 11:49:36.388,C,0,3,Soil,Broad_Leaved_Forest,848.220703125,137,-100,0.71,10.84,0.4504,11.784,0.7701,1.6995,0.0302,"Al, Mg, Na, Ca, K, Acidity & ECEC are cmolc/kg dry weight; P is mg/kg, N and C is %",12.005,24.58,9.054,7.769,Enclosure,34
7,C3_2,Open_Wetland,"","",2023/05/18 13:00:18.838,C,1,3,Soil,ConiFerous_Forest,836.619567871094,138,100,0.94,27.6,0.4701,23.578,1.5464,2.1628,0.0682,"Al, Mg, Na, Ca, K, Acidity & ECEC are cmolc/kg dry weight; P is mg/kg, N and C is %",16.467,25.8,12.219,8.618,Enclosure,20
13,C3_3,Mixed_Forest,"","",2023/05/18 16:51:29.126,C,2,3,Soil,Broad_Leaved_Forest,857.869995117188,139,800,0.57,10.74,0.4004,6.548,0.9471,1.3903,0.0244,"Al, Mg, Na, Ca, K, Acidity & ECEC are cmolc/kg dry weight; P is mg/kg, N and C is %",11.121,24.84,8.359,7.135,Enclosure,75
14,C3_4,Coniferous,"","",2023/05/18 17:15:33.554,C,3,3,Soil,ConiFerous_Forest,771.971801757813,140,2100,1.33,24.33,0.5926,18.924,1.4574,2.0773,0.1212,"Al, Mg, Na, Ca, K, Acidity & ECEC are cmolc/kg dry weight; P is mg/kg, N and C is %",16.12,26.36,11.872,8.433,Enclosure,17
5,C4_1,Coniferous,"","",2023/05/18 12:27:12.102,C,0,4,Soil,ConiFerous_Forest,864.240234375,141,-100,0.64,10.44,0.468,13.044,0.7338,0.47,0.0367,"Al, Mg, Na, Ca, K, Acidity & ECEC are cmolc/kg dry weight; P is mg/kg, N and C is %",12.826,13.32,11.117,8.991,Enclosure,37
6,C4_2,Deciduous_Forest,"","",2023/05/18 12:36:04.392,C,1,4,Soil,Broad_Leaved_Forest,850.252014160156,142,100,1.03,20.54,0.3717,9.544,0.5245,1.1136,0.0395,"Al, Mg, Na, Ca, K, Acidity & ECEC are cmolc/kg dry weight; P is mg/kg, N and C is %",14.541,14.09,12.492,8.233,Enclosure,36
161,C4_3,Mixed_Forest,Soil wet,"",2023/05/19 11:12:13,C,2,4,Soil,TransitionaL_WoodLand_Shrub,822.633605957031,143,800,1.34,27.92,0.7034,14.234,1.586,2.8528,0.0824,"Al, Mg, Na, Ca, K, Acidity & ECEC are cmolc/kg dry weight; P is mg/kg, N and C is %",19.664,26.57,14.439,8.799,Enclosure,5
161,C4_4,Mixed_Forest,Soil wet,"",2023/05/19 12:13:14,C,3,4,Soil,Mixed_Forest,821.53564453125,144,2100,0.81,17.31,0.2832,7.234,0.6466,1.6101,0.0305,"Al, Mg, Na, Ca, K, Acidity & ECEC are cmolc/kg dry weight; P is mg/kg, N and C is %",14.294,17.98,11.723,10.006,Enclosure,49
16,D1_1,Open_Mixed_Forest,"","",2023/05/19 10:22:31.443,D,0,1,Soil,Mixed_Forest,930.629028320313,145,-100,1.05,15.76,0.4377,12.134,0.4222,0.4954,0.0418,"Al, Mg, Na, Ca, K, Acidity & ECEC are cmolc/kg dry weight; P is mg/kg, N and C is %",9.639,14.49,8.242,7.604,Enclosure,140
24,D1_2,Mixed_Forest,Very close to the fence,"",2023/05/19 13:16:29.306,D,1,1,Soil,Mixed_Forest,975.707946777344,146,100,1.36,25.63,0.5175,28.683,1.1996,3.0017,0.0607,"Al, Mg, Na, Ca, K, Acidity & ECEC are cmolc/kg dry weight; P is mg/kg, N and C is %",14.68,32.56,9.9,5.058,Enclosure,193
22,D1_3,Deciduous_Forest,"","",2023/05/19 12:54:41.908,D,2,1,Soil,Mixed_Forest,984.470275878906,147,800,0.56,10.8,0.9089,38.993,0.5711,0.3636,0.092,"Al, Mg, Na, Ca, K, Acidity & ECEC are cmolc/kg dry weight; P is mg/kg, N and C is %",15.567,12.43,13.632,10.051,Enclosure,115
25,D1_4,Open_Coniferous,"","",2023/05/19 14:03:16.653,D,3,1,Soil,Mixed_Forest,1132.16369628906,148,2100,2.32,37.89,0.3057,4.203,0.5526,0.7849,0.0293,"Al, Mg, Na, Ca, K, Acidity & ECEC are cmolc/kg dry weight; P is mg/kg, N and C is %",18.927,8.84,17.254,11.218,Enclosure,121
17,D2_1,Deciduous_Forest,"","",2023/05/19 10:41:21.482,D,0,2,Soil,Mixed_Forest,873.584411621094,149,-100,0.75,12.39,0.4986,10.174,0.7718,2.3382,0.0575,"Al, Mg, Na, Ca, K, Acidity & ECEC are cmolc/kg dry weight; P is mg/kg, N and C is %",12.567,29.17,8.901,6.77,Enclosure,93
21,D2_2,Deciduous_Forest,Close to forest road,"",2023/05/19 12:28:24.812,D,1,2,Soil,Mixed_Forest,837.268493652344,150,100,1.09,19.71,0.5194,30.585,0.762,2.2551,0.0339,"Al, Mg, Na, Ca, K, Acidity & ECEC are cmolc/kg dry weight; P is mg/kg, N and C is %",9.927,35.97,6.356,4.564,Enclosure,61
30,D2_3,Mixed_Forest,Plot moved to respect national park borders,"",2023/05/19 15:25:50.113,D,2,2,Soil,ConiFerous_Forest,822.795837402344,151,800,0.47,8.63,0.5841,22.844,0.4345,0.215,0.0814,"Al, Mg, Na, Ca, K, Acidity & ECEC are cmolc/kg dry weight; P is mg/kg, N and C is %",12.189,10.79,10.874,8.03,Enclosure,43
28,D2_4,Coniferous,Hunting stand; plot moved to resect national park borders,"",2023/05/19 15:06:30.269,D,3,2,Soil,ConiFerous_Forest,824.555419921875,152,2100,0.8,11.84,0.3595,12.484,0.3844,0.7527,0.0375,"Al, Mg, Na, Ca, K, Acidity & ECEC are cmolc/kg dry weight; P is mg/kg, N and C is %",8.365,18.34,6.83,5.1,Enclosure,11
18,D3_1,Deciduous_Forest,"","",2023/05/19 11:03:05.985,D,0,3,Soil,Mixed_Forest,843.92333984375,153,-100,1.08,20.38,0.5013,9.684,0.8318,2.0435,0.0299,"Al, Mg, Na, Ca, K, Acidity & ECEC are cmolc/kg dry weight; P is mg/kg, N and C is %",8.856,38.47,5.449,3.22,Enclosure,50
20,D3_2,Coniferous,"","",2023/05/19 12:13:38.443,D,1,3,Soil,ConiFerous_Forest,802.697509765625,154,100,0.97,19.92,0.7818,35.69,1.6063,4.4084,0.0438,"Al, Mg, Na, Ca, K, Acidity & ECEC are cmolc/kg dry weight; P is mg/kg, N and C is %",15.761,43.4,8.92,3.57,Enclosure,12
27,D3_3,Open_Coniferous,"","",2023/05/19 14:45:36.749,D,2,3,Soil,ConiFerous_Forest,774.334106445313,155,800,0.39,5.87,0.5507,24.679,0.8766,2.2958,0.0209,"Al, Mg, Na, Ca, K, Acidity & ECEC are cmolc/kg dry weight; P is mg/kg, N and C is %",6.445,58.09,2.701,1.64,Enclosure,10
32,D3_4,Mixed_Forest,"Plot moved to avoid city center


","",2023/05/19 15:48:09.743,D,3,3,Soil,ConiFerous_Forest,856.083068847656,156,2100,1.27,30.97,0.7794,24.174,2.0271,4.0098,0.0458,"Al, Mg, Na, Ca, K, Acidity & ECEC are cmolc/kg dry weight; P is mg/kg, N and C is %",21.127,32.48,14.265,6.25,Enclosure,91
15,D4_1,Open_Deciduous,"","",2023/05/19 10:01:04.989,D,0,4,Soil,Mixed_Forest,849.693908691406,157,-100,0.72,12.74,0.4142,12.904,0.3348,0.7509,0.0321,"Al, Mg, Na, Ca, K, Acidity & ECEC are cmolc/kg dry weight; P is mg/kg, N and C is %",9.554,16.03,8.022,6.25,Enclosure,68
19,D4_2,Coniferous,"","",2023/05/19 11:54:33.892,D,1,4,Soil,Mixed_Forest,853.771789550781,158,100,0.99,15.67,0.5245,14.444,0.6584,0.726,0.0451,"Al, Mg, Na, Ca, K, Acidity & ECEC are cmolc/kg dry weight; P is mg/kg, N and C is %",13.425,14.55,11.471,6.34,Enclosure,46
26,D4_3,Open_Mixed_Forest,Rather wet soil,"",2023/05/19 14:27:26.465,D,2,4,Soil,Pastures,868.972351074219,159,800,1.97,40.96,1.9539,21.724,7.3904,16.5731,0.2572,"Al, Mg, Na, Ca, K, Acidity & ECEC are cmolc/kg dry weight; P is mg/kg, N and C is %",31.663,82.66,5.489,0.96,Enclosure,30
33,D4_4,Deciduous_Forest,"","",2023/05/19 17:09:24.488,D,3,4,Soil,Mixed_Forest,880.851989746094,160,2100,1.09,20.31,0.6691,22.914,1.6387,2.4742,0.0669,"Al, Mg, Na, Ca, K, Acidity & ECEC are cmolc/kg dry weight; P is mg/kg, N and C is %",20.039,24.2,15.19,6.53,Enclosure,125
1,MA_T_1,Shrubland,"","",2023/05/22 10:13:07.608,MA,Treatment,,Soil,"",1279.25170898438,161,,1.9,33.51,1.145,22.144,1.2203,2.2305,0.123,"Al, Mg, Na, Ca, K, Acidity & ECEC are cmolc/kg dry weight; P is mg/kg, N and C is %",20.905,22.57,16.186,8.05,Mountain,183
2,MA_T_2,Shrubland,"","",2023/05/22 10:19:47.686,MA,Treatment,,Soil,"",1280.95263671875,162,,0.8,15.06,0.3512,8.844,0.2833,0.313,0.0593,"Al, Mg, Na, Ca, K, Acidity & ECEC are cmolc/kg dry weight; P is mg/kg, N and C is %",13.617,7.39,12.61,7.16,Mountain,185
3,MA_T_3,Shrubland,"","",2023/05/22 10:25:38.749,MA,Treatment,,Soil,"",1276.36254882813,163,,2.04,35.08,1.1555,32.186,0.8858,0.7211,0.134,"Al, Mg, Na, Ca, K, Acidity & ECEC are cmolc/kg dry weight; P is mg/kg, N and C is %",30.541,9.48,27.645,14.98,Mountain,181
4,MA_T_4,Shrubland,"","",2023/05/22 10:31:07.515,MA,Treatment,,Soil,"",1275.71704101563,164,,1.7,32.58,0.9523,22.214,0.8601,0.7638,0.0718,"Al, Mg, Na, Ca, K, Acidity & ECEC are cmolc/kg dry weight; P is mg/kg, N and C is %",26.075,10.16,23.426,10.38,Mountain,177
5,MA_C_1,Open_Mixed_Forest,"","",2023/05/22 11:39:23.596,MA,Control,,Soil,TransitionaL_WoodLand_Shrub,1098.49340820313,165,,0.55,8.17,0.5396,21.024,0.5245,0.1001,0.1122,"Al, Mg, Na, Ca, K, Acidity & ECEC are cmolc/kg dry weight; P is mg/kg, N and C is %",11.976,10.66,10.7,5.65,Mountain,157
6,MA_C_2,Shrubland,Old feces,"",2023/05/22 11:46:32.522,MA,Control,,Soil,TransitionaL_WoodLand_Shrub,1104.56005859375,166,,0.81,17.67,0.3953,12.484,1.0341,0.7417,0.125,"Al, Mg, Na, Ca, K, Acidity & ECEC are cmolc/kg dry weight; P is mg/kg, N and C is %",20.007,11.48,17.71,8.39,Mountain,171
7,MA_C_3,Open_Mixed_Forest,"","",2023/05/22 11:50:38.092,MA,Control,,Soil,TransitionaL_WoodLand_Shrub,1103.76586914063,167,,0.9,19.03,0.3888,9.544,0.7583,0.7286,0.0564,"Al, Mg, Na, Ca, K, Acidity & ECEC are cmolc/kg dry weight; P is mg/kg, N and C is %",17.731,10.9,15.798,8.22,Mountain,116
8,MA_C_4,Open,"Old feces
Generally more signs of deer activity compared to treatment site","",2023/05/22 11:58:07.788,MA,Control,,Soil,"",1081.49682617187,168,,0.7,9.6,0.3184,23.194,0.3056,0.141,0.0412,"Al, Mg, Na, Ca, K, Acidity & ECEC are cmolc/kg dry weight; P is mg/kg, N and C is %",10.548,7.64,9.742,5.08,Mountain,88
25,MD_T_1,Coniferous,"","",2023/05/22 14:41:05.103,MD,Treatment,,Soil,"",1287.478515625,169,,2.22,35.56,0.9126,27.982,0.7785,1.0853,0.1199,"Al, Mg, Na, Ca, K, Acidity & ECEC are cmolc/kg dry weight; P is mg/kg, N and C is %",26.28,11.02,23.384,11.2,Mountain,75
26,MD_T_2,Coniferous,"","",2023/05/22 14:48:02.089,MD,Treatment,,Soil,"",1294.71569824219,170,,2.06,37.58,1.0346,33.688,0.7213,1.3219,0.0716,"Al, Mg, Na, Ca, K, Acidity & ECEC are cmolc/kg dry weight; P is mg/kg, N and C is %",31.801,9.9,28.652,16.72,Mountain,79
27,MD_T_3,Open,"","",2023/05/22 14:54:53.465,MD,Treatment,,Soil,"",1300.70446777344,171,,1.09,17.48,0.6614,30.485,0.5926,1.0967,0.0305,"Al, Mg, Na, Ca, K, Acidity & ECEC are cmolc/kg dry weight; P is mg/kg, N and C is %",13.893,17.14,11.512,5.25,Mountain,75
28,MD_T_4,Open,"","",2023/05/22 15:03:34.252,MD,Treatment,,Soil,"",1299.23034667969,172,,1.72,30.44,0.7898,29.183,0.7808,1.5212,0.0768,"Al, Mg, Na, Ca, K, Acidity & ECEC are cmolc/kg dry weight; P is mg/kg, N and C is %",20.44,15.5,17.272,8.1,Mountain,74
29,MD_C_1,Open,"","",2023/05/22 16:08:52.327,MD,Control,,Soil,Mixed_Forest,1145.45434570313,173,,1.33,24.77,0.5634,25.644,0.8946,1.7347,0.1236,"Al, Mg, Na, Ca, K, Acidity & ECEC are cmolc/kg dry weight; P is mg/kg, N and C is %",20.85,15.91,17.534,7.15,Mountain,138
30,MD_C_2,Shrubland,"","",2023/05/22 16:16:22.688,MD,Control,,Soil,Mixed_Forest,1141.4130859375,174,,0.56,9.3,0.3358,17.524,0.9194,2.7714,0.069,"Al, Mg, Na, Ca, K, Acidity & ECEC are cmolc/kg dry weight; P is mg/kg, N and C is %",12.335,33.2,8.24,5.22,Mountain,141
31,MD_C_3,Open_Mixed_Forest,Feces present,"",2023/05/22 16:22:10.212,MD,Control,,Soil,Mixed_Forest,1144.83728027344,175,,1.88,30.58,0.8431,47.402,0.7458,0.8914,0.0893,"Al, Mg, Na, Ca, K, Acidity & ECEC are cmolc/kg dry weight; P is mg/kg, N and C is %",19.971,12.87,17.402,13.85,Mountain,142
32,MD_C_4,Open,"","",2023/05/22 16:30:09.801,MD,Control,,Soil,Mixed_Forest,1151.33996582031,176,,1.1,21.87,0.6334,35.49,0.6997,1.2486,0.061,"Al, Mg, Na, Ca, K, Acidity & ECEC are cmolc/kg dry weight; P is mg/kg, N and C is %",16.325,16.19,13.682,8.16,Mountain,137
9,MB_T_1,Open,"","",1684742337,MB,Treatment,,Soil,"",1368.23486328125,177,,1.38,21.86,0.5984,17.594,0.5466,0.9534,0.1605,"Al, Mg, Na, Ca, K, Acidity & ECEC are cmolc/kg dry weight; P is mg/kg, N and C is %",15.581,14.5,13.322,7.94,Mountain,272
10,MB_T_2,Open,"","",1684743398,MB,Treatment,,Soil,"",1364.44604492188,178,,1.72,30.02,0.7475,22.494,0.711,1.6543,0.0959,"Al, Mg, Na, Ca, K, Acidity & ECEC are cmolc/kg dry weight; P is mg/kg, N and C is %",18.052,17.77,14.844,9.63,Mountain,264
11,MB_T_3,Open,"","",1684744214,MB,Treatment,,Soil,"",1351.70373535156,179,,2.03,35.07,0.8091,21.164,0.8019,1.0445,0.1393,"Al, Mg, Na, Ca, K, Acidity & ECEC are cmolc/kg dry weight; P is mg/kg, N and C is %",20.903,13.37,18.108,14.56,Mountain,279
12,MB_T_4,Open,"","",1684744921,MB,Treatment,,Soil,"",1355.37316894531,180,,1.24,21.27,0.4028,18.994,0.416,0.5438,0.0946,"Al, Mg, Na, Ca, K, Acidity & ECEC are cmolc/kg dry weight; P is mg/kg, N and C is %",13.559,10.75,12.102,8.03,Mountain,279
13,MB_C_1,Mixed_Forest,"","",1684750916,MB,Control,,Soil,Broad_Leaved_Forest,1173.21105957031,181,,0.79,13.91,0.4391,34.088,0.5139,1.3911,0.0565,"Al, Mg, Na, Ca, K, Acidity & ECEC are cmolc/kg dry weight; P is mg/kg, N and C is %",11.226,21.38,8.826,5.3,Mountain,377
14,MB_C_2,Mixed_Forest,"","",1684751914,MB,Control,,Soil,Broad_Leaved_Forest,1220.69189453125,182,,1.5,26.74,0.5648,24.664,0.7004,2.0046,0.0522,"Al, Mg, Na, Ca, K, Acidity & ECEC are cmolc/kg dry weight; P is mg/kg, N and C is %",13.084,25.39,9.762,6.27,Mountain,328
15,MB_C_3,Open,"","",1684753185,MB,Control,,Soil,TransitionaL_WoodLand_Shrub,1222.63366699219,183,,0.75,13.12,0.3038,16.754,0.3762,1.0314,0.0352,"Al, Mg, Na, Ca, K, Acidity & ECEC are cmolc/kg dry weight; P is mg/kg, N and C is %",11.24,15.54,9.494,6.02,Mountain,253
16,MB_C_4,Open,"","",1684754025,MB,Control,,Soil,TransitionaL_WoodLand_Shrub,1207.42834472656,184,,1.48,29.18,0.7675,26.881,1.475,3.0661,0.07,"Al, Mg, Na, Ca, K, Acidity & ECEC are cmolc/kg dry weight; P is mg/kg, N and C is %",15.574,34.54,10.196,5.19,Mountain,233
17,MC_T_1,Open,"","",1684762275,MC,Treatment,,Soil,"",1339.8994140625,185,,1.77,32.86,1.1174,39.494,0.8302,1.0398,0.2145,"Al, Mg, Na, Ca, K, Acidity & ECEC are cmolc/kg dry weight; P is mg/kg, N and C is %",16.342,19.59,13.14,8.84,Mountain,252
18,MC_T_2,Open,"","",1684763400,MC,Treatment,,Soil,"",1337.85632324219,186,,1.12,24.88,0.7306,36.591,0.5537,1.4601,0.1452,"Al, Mg, Na, Ca, K, Acidity & ECEC are cmolc/kg dry weight; P is mg/kg, N and C is %",12.501,23.11,9.612,5.94,Mountain,249
19,MC_T_3,Open,"","",1684764173,MC,Treatment,,Soil,TransitionaL_WoodLand_Shrub,1350.68420410156,187,,0.53,7.69,0.2248,24.454,0.205,2.3902,0.0329,"Al, Mg, Na, Ca, K, Acidity & ECEC are cmolc/kg dry weight; P is mg/kg, N and C is %",5.745,49.66,2.892,1.61,Mountain,265
20,MC_T_4,Open,"","",1684764956,MC,Treatment,,Soil,TransitionaL_WoodLand_Shrub,1351.37377929688,188,,0.86,14.76,0.3564,35.79,0.424,1.7275,0.0352,"Al, Mg, Na, Ca, K, Acidity & ECEC are cmolc/kg dry weight; P is mg/kg, N and C is %",6.467,39.32,3.924,2.15,Mountain,262
21,MC_C_1,Open,"","",1684768658,MC,Control,,Soil,"",1211.46276855469,189,,0.72,9.69,0.4327,34.288,0.5633,2.0878,0.0797,"Al, Mg, Na, Ca, K, Acidity & ECEC are cmolc/kg dry weight; P is mg/kg, N and C is %",8.191,38.62,5.028,2.65,Mountain,50
22,MC_C_2,Open,"","",1684769429,MC,Control,,Soil,"",1196.72131347656,190,,1.05,21.82,0.6674,38.693,0.5034,1.0135,0.0837,"Al, Mg, Na, Ca, K, Acidity & ECEC are cmolc/kg dry weight; P is mg/kg, N and C is %",12.472,18.18,10.204,7.36,Mountain,37
23,MC_C_3,Coniferous,"","",1684770203,MC,Control,,Soil,"",1208.71667480469,191,,0.65,12.78,0.3235,17.384,0.2597,0.3152,0.1599,"Al, Mg, Na, Ca, K, Acidity & ECEC are cmolc/kg dry weight; P is mg/kg, N and C is %",11.306,9.36,10.248,8.26,Mountain,171
24,MC_C_4,Coniferous,"","",1684771113,MC,Control,,Soil,"",1212.51379394531,192,,0.7,10.83,0.3691,23.404,0.3942,1.3053,0.0519,"Al, Mg, Na, Ca, K, Acidity & ECEC are cmolc/kg dry weight; P is mg/kg, N and C is %",7.252,29.24,5.132,3.55,Mountain,53
